Workbook

Sheet efi
A1: 0.087432012 | B1: 0.29255377 | C1: 0.16248058 | D1: 0.32643415 | E1: 0.33436302 | F1: 0.094855648 | G1: 1.535152 | H1: 1.5687561 | I1: 2.3739253 | J1: 0.13308781 | K1: 0.1632287 | L1: 4.9229233 | M1: 0.10870745 | N1: 0.35144156 | O1: 0.14555128 | P1: 0.041727022
A2: 0.085362952 | B2: 0.28384624 | C2: 0.15765174 | D2: 0.31662312 | E2: 0.32457837 | F2: 0.09268413 | G2: 1.4860499 | H2: 1.5197835 | I2: 2.2987236 | J2: 0.12924548 | K2: 0.15847154 | L2: 4.7581934 | M2: 0.10537394 | N2: 0.34141352 | O2: 0.14124928 | P2: 0.040668778
A3: 0.083183274 | B3: 0.27487057 | C3: 0.15267352 | D3: 0.30651894 | E3: 0.31447676 | F3: 0.090388919 | G3: 1.4357639 | H3: 1.4695205 | I3: 2.221642 | J3: 0.12527374 | K3: 0.15355843 | L3: 4.5901697 | M3: 0.10194707 | N3: 0.33103656 | O3: 0.13681196 | P3: 0.039561477
A4: 0.080886212 | B4: 0.26561049 | C4: 0.14753687 | D4: 0.29610374 | E4: 0.30403909 | F4: 0.087962367 | G4: 1.3842182 | H4: 1.4178866 | I4: 2.1425616 | J4: 0.12116485 | K4: 0.14848 | L4: 4.4186265 | M4: 0.098421089 | N4: 0.32028979 | O4: 0.13223116 | P4: 0.038402169
A5: 0.0786098 | B5: 0.25652277 | C5: 0.14249549 | D5: 0.28588685 | E5: 0.29378796 | F5: 0.085554396 | G5: 1.3337972 | H5: 1.3673227 | I5: 2.0651721 | J5: 0.11712699 | K5: 0.14349143 | L5: 4.2511805 | M5: 0.094965379 | N5: 0.30972334 | O5: 0.12773422 | P5: 0.037256558
A6: 0.076316143 | B6: 0.2474823 | C6: 0.1374799 | D6: 0.27572871 | E6: 0.28358033 | F6: 0.08312378 | G6: 1.283845 | H6: 1.3171586 | I6: 1.9884594 | J6: 0.11310318 | K6: 0.13852288 | L6: 4.0857269 | M6: 0.09153348 | N6: 0.29918672 | O6: 0.12325888 | P6: 0.036106653
A7: 0.074085276 | B7: 0.23874711 | C7: 0.13263345 | D7: 0.26591668 | E7: 0.27371209 | F7: 0.080757711 | G7: 1.2356945 | H7: 1.2687642 | I7: 1.9144894 | J7: 0.10921151 | K7: 0.1337189 | L7: 3.9264936 | M7: 0.088220681 | N7: 0.28899242 | O7: 0.11893371 | P7: 0.034990287
A8: 0.071915562 | B8: 0.23030725 | C8: 0.12795062 | D8: 0.25643934 | E8: 0.26417234 | F8: 0.078454563 | G8: 1.1892829 | H8: 1.2220789 | I8: 1.8431669 | J8: 0.1054478 | K8: 0.12907424 | L8: 3.7732531 | M8: 0.085022981 | N8: 0.27912972 | O8: 0.11475383 | P8: 0.033906523
A9: 0.069812701 | B9: 0.22217627 | C9: 0.12343897 | D9: 0.24731149 | E9: 0.25497716 | F9: 0.076220711 | G9: 1.1446686 | H9: 1.1771672 | I9: 1.7745857 | J9: 0.10181862 | K9: 0.12459682 | L9: 3.626165 | M9: 0.08194507 | N9: 0.26961639 | O9: 0.1107261 | P9: 0.032857884
A10: 0.067767514 | B10: 0.21432029 | C10: 0.11907971 | D10: 0.23849513 | E10: 0.2460882 | F10: 0.074046296 | G10: 1.101666 | H10: 1.1338421 | I10: 1.7084601 | J10: 0.098308808 | K10: 0.12026794 | L10: 3.4846145 | M10: 0.078974137 | N10: 0.26041263 | O10: 0.10683372 | P10: 0.031839885
A11: 0.065778496 | B11: 0.20673031 | C11: 0.11486786 | D11: 0.22997996 | E11: 0.23749559 | F11: 0.071929817 | G11: 1.0602185 | H11: 1.0920495 | I11: 1.6447048 | J11: 0.094914581 | K11: 0.11608285 | L11: 3.3483989 | M11: 0.076106582 | N11: 0.25150874 | O11: 0.1030723 | P11: 0.030851668
A12: 0.063844179 | B12: 0.19939765 | C12: 0.11079859 | D12: 0.22175603 | E12: 0.22918981 | F12: 0.069869808 | G12: 1.0202716 | H12: 1.0517367 | I12: 1.5832375 | J12: 0.091632264 | K12: 0.11203694 | L12: 3.2173227 | M12: 0.073338923 | N12: 0.24289529 | O12: 0.099437592 | P12: 0.029892401
... A40: 0.026077186 | B40: 0.068337243 | C40: 0.038021368 | D40: 0.075363574 | E40: 0.079689572 | F40: 0.029176916 | G40: 0.32792967 | H40: 0.34563048 | I40: 0.51341237 | J40: 0.032223683 | K40: 0.039089785 | L40: 0.9908225 | M40: 0.024489075 | N40: 0.086250323 | O40: 0.034283486 | P40: 0.011629313

Sheet energy
A1: 0.087432012 | B1: 0.29255377 | C1: 0.16248058 | D1: 0.32643415 | E1: 0.33436302 | F1: 0.094855648 | G1: 1.535152 | H1: 1.5687561 | I1: 2.3739253 | J1: 0.13308781 | K1: 0.1632287 | L1: 4.9229233 | M1: 0.10870745 | N1: 0.35144156 | O1: 0.14555128 | P1: 0.041727022
A2: 0.085532396 | B2: 0.28440967 | C2: 0.15796468 | D2: 0.31725162 | E2: 0.32522266 | F2: 0.092868106 | G2: 1.4889996 | H2: 1.5228003 | I2: 2.3032865 | J2: 0.12950203 | K2: 0.1587861 | L2: 4.7676383 | M2: 0.1055831 | N2: 0.34209122 | O2: 0.14152966 | P2: 0.040749505
A3: 0.083513673 | B3: 0.27596233 | C3: 0.15327993 | D3: 0.30773641 | E3: 0.31572584 | F3: 0.090747938 | G3: 1.4414666 | H3: 1.4753574 | I3: 2.2304663 | J3: 0.12577132 | K3: 0.15416836 | L3: 4.6084015 | M3: 0.10235199 | N3: 0.33235141 | O3: 0.13735537 | P3: 0.039718612
A4: 0.081368363 | B4: 0.26719376 | C4: 0.14841632 | D4: 0.29786877 | E4: 0.30585142 | F4: 0.088486698 | G4: 1.3924693 | H4: 1.4263384 | I4: 2.1553331 | J4: 0.1218871 | K4: 0.14936507 | L4: 4.4449653 | M4: 0.099007763 | N4: 0.32219899 | O4: 0.13301937 | P4: 0.038631079
A5: 0.079234885 | B5: 0.25856257 | C5: 0.14362858 | D5: 0.28816015 | E5: 0.29612409 | F5: 0.086234703 | G5: 1.3444032 | H5: 1.3781953 | I5: 2.0815938 | J5: 0.11805835 | K5: 0.14463244 | L5: 4.2849848 | M5: 0.095720519 | N5: 0.31218618 | O5: 0.12874993 | P5: 0.037552813
A6: 0.077075077 | B6: 0.24994341 | C6: 0.13884708 | D6: 0.27847073 | E6: 0.28640043 | F6: 0.083950413 | G6: 1.2966123 | H6: 1.3302573 | I6: 2.0082338 | J6: 0.11422795 | K6: 0.13990043 | L6: 4.1263579 | M6: 0.092443744 | N6: 0.30216201 | O6: 0.12448464 | P6: 0.03646572
A7: 0.074969812 | B7: 0.24159762 | C7: 0.13421701 | D7: 0.26909157 | E7: 0.27698006 | F7: 0.081721912 | G7: 1.250448 | H7: 1.2839125 | I7: 1.9373473 | J7: 0.11051544 | K7: 0.13531543 | L7: 3.9733737 | M7: 0.089273985 | N7: 0.29244282 | O7: 0.12035371 | P7: 0.035408051
A8: 0.072917793 | B8: 0.23351686 | C8: 0.12973377 | D8: 0.26001313 | E8: 0.2678539 | F8: 0.079547923 | G8: 1.205857 | H8: 1.23911 | I8: 1.8688537 | J8: 0.10691734 | K8: 0.13087305 | L8: 3.8258379 | M8: 0.086207879 | N8: 0.28301973 | O8: 0.11635306 | P8: 0.034379052
A9: 0.070925165 | B9: 0.22571664 | C9: 0.12540597 | D9: 0.2512524 | E9: 0.25904022 | F9: 0.077435287 | G9: 1.1629089 | H9: 1.1959253 | I9: 1.8028637 | J9: 0.1034411 | K9: 0.12658226 | L9: 3.6839478 | M9: 0.083250863 | N9: 0.27391272 | O9: 0.11249051 | P9: 0.033381474
A10: 0.068982972 | B10: 0.21816427 | C10: 0.12121549 | D10: 0.2427727 | E10: 0.25050196 | F10: 0.075374369 | G10: 1.1214251 | H10: 1.1541784 | I10: 1.7391025 | J10: 0.10007205 | K10: 0.12242503 | L10: 3.5471135 | M10: 0.080390594 | N10: 0.26508332 | O10: 0.10874986 | P10: 0.032410956
A11: 0.067090014 | B11: 0.21085219 | C11: 0.11715814 | D11: 0.23456539 | E11: 0.24223088 | F11: 0.073363983 | G11: 1.0813576 | H11: 1.1138232 | I11: 1.6774976 | J11: 0.096807027 | K11: 0.11839736 | L11: 3.4151606 | M11: 0.077624026 | N11: 0.25652342 | O11: 0.1051274 | P11: 0.031466802
A12: 0.065245116 | B12: 0.20377304 | C12: 0.11322985 | D12: 0.22662204 | E12: 0.23421894 | F12: 0.071402966 | G12: 1.0426595 | H12: 1.074815 | I12: 1.6179786 | J12: 0.093642958 | K12: 0.11449537 | L12: 3.2879206 | M12: 0.074948204 | N12: 0.24822516 | O12: 0.10161956 | P12: 0.030548332
... A40: 0.028133966 | B40: 0.07372719 | C40: 0.041020218 | D40: 0.081307708 | E40: 0.085974909 | F40: 0.03147818 | G40: 0.35379438 | H40: 0.37289131 | I40: 0.55390663 | J40: 0.034765254 | K40: 0.042172905 | L40: 1.0689714 | M40: 0.026420596 | N40: 0.093053124 | O40: 0.03698752 | P40: 0.012546549

Sheet Sheet5
A1: 0.087432012 | B1: 0.29255377 | C1: 0.16248058 | D1: 0.32643415 | E1: 0.33436302 | F1: 0.094855648 | G1: 1.535152 | H1: 1.5687561 | I1: 2.3739253 | J1: 0.13308781 | K1: 0.1632287 | L1: 4.9229233 | M1: 0.10870745 | N1: 0.35144156 | O1: 0.14555128 | P1: 0.041727022
A2: 0.085193843 | B2: 0.28328393 | C2: 0.15733943 | D2: 0.31599588 | E2: 0.32393537 | F2: 0.092500518 | G2: 1.4831059 | H2: 1.5167727 | I2: 2.2941697 | J2: 0.12898943 | K2: 0.1581576 | L2: 4.7487671 | M2: 0.10516519 | N2: 0.34073716 | O2: 0.14096946 | P2: 0.040588211
A3: 0.082854183 | B3: 0.27378312 | C3: 0.15206951 | D3: 0.30530628 | E3: 0.31323262 | F3: 0.090031321 | G3: 1.4300837 | H3: 1.4637068 | I3: 2.2128527 | J3: 0.12477813 | K3: 0.15295092 | L3: 4.5720099 | M3: 0.10154374 | N3: 0.3297269 | O3: 0.1362707 | P3: 0.039404963
A4: 0.080406918 | B4: 0.26403661 | C4: 0.14666264 | D4: 0.29434917 | E4: 0.30223749 | F4: 0.087441143 | G4: 1.376016 | H4: 1.4094848 | I4: 2.1298658 | J4: 0.12044689 | K4: 0.14760018 | L4: 4.3924438 | M4: 0.097837892 | N4: 0.3183919 | O4: 0.13144762 | P4: 0.038174616
A5: 0.077989646 | B5: 0.25449906 | C5: 0.14137134 | D5: 0.28363148 | E5: 0.29147027 | F5: 0.084879456 | G5: 1.3232749 | H5: 1.3565359 | I5: 2.0488799 | J5: 0.11620297 | K5: 0.14235943 | L5: 4.2176429 | M5: 0.094216196 | N5: 0.30727993 | O5: 0.12672652 | P5: 0.036962641
A6: 0.075564683 | B6: 0.24504542 | C6: 0.13612618 | D6: 0.2730137 | E6: 0.28078801 | F6: 0.082305287 | G6: 1.2712034 | H6: 1.304189 | I6: 1.9688796 | J6: 0.11198949 | K6: 0.13715889 | L6: 4.0454961 | M6: 0.090632179 | N6: 0.29624072 | O6: 0.12204519 | P6: 0.035751123
A7: 0.073211177 | B7: 0.23593024 | C7: 0.13106856 | D7: 0.26277925 | E7: 0.27048268 | F7: 0.079804887 | G7: 1.2211151 | H7: 1.2537946 | I7: 1.8919011 | J7: 0.10792297 | K7: 0.13214121 | L7: 3.8801666 | M7: 0.087179804 | N7: 0.28558272 | O7: 0.11753046 | P7: 0.034577452
A8: 0.070927106 | B8: 0.22714175 | C8: 0.12619198 | D8: 0.25291466 | E8: 0.26054138 | F8: 0.077376231 | G8: 1.1729365 | H8: 1.2052818 | I8: 1.8178332 | J8: 0.10399845 | K8: 0.12730016 | L8: 3.7213909 | M8: 0.083854368 | N8: 0.27529317 | O8: 0.11317657 | P8: 0.033440489
A9: 0.068717686 | B9: 0.21869142 | C9: 0.12150283 | D9: 0.2434324 | E9: 0.25097784 | F9: 0.075025186 | G9: 1.1267144 | H9: 1.1587032 | I9: 1.7467513 | J9: 0.10022159 | K9: 0.12264251 | L9: 3.5692884 | M9: 0.080659758 | N9: 0.26538744 | O9: 0.10898935 | P9: 0.032342507
A10: 0.066573472 | B10: 0.21054403 | C10: 0.11698157 | D10: 0.23429292 | E10: 0.2417522 | F10: 0.072741624 | G10: 1.082255 | H10: 1.1138642 | I10: 1.6783576 | J10: 0.096576638 | K10: 0.11814886 | L10: 3.4232167 | M10: 0.077582637 | N10: 0.25582424 | O10: 0.10495134 | P10: 0.031278876
A11: 0.064492616 | B11: 0.20268902 | C11: 0.11262235 | D11: 0.22548416 | E11: 0.23285288 | F11: 0.070523687 | G11: 1.0394927 | H11: 1.0707014 | I11: 1.6125531 | J11: 0.09305913 | K11: 0.11381359 | L11: 3.2829422 | M11: 0.074618802 | N11: 0.24659209 | O11: 0.10105738 | P11: 0.03024856
A12: 0.062473322 | B12: 0.1951162 | C12: 0.10841954 | D12: 0.21699451 | E12: 0.22426867 | F12: 0.068369569 | G12: 0.99836441 | H12: 1.0291539 | I12: 1.5492424 | J12: 0.089664745 | K12: 0.10963129 | L12: 3.1482406 | M12: 0.071764196 | N12: 0.23767987 | O12: 0.097302477 | P12: 0.029250554
... A40: 0.024170771 | B40: 0.063341337 | C40: 0.035241753 | D40: 0.069853997 | E40: 0.073863735 | F40: 0.02704389 | G40: 0.30395583 | H40: 0.32036259 | I40: 0.47587852 | J40: 0.029867918 | K40: 0.036232062 | L40: 0.9183868 | M40: 0.022698761 | N40: 0.079944851 | O40: 0.031777136 | P40: 0.010779133

Sheet Sheet3
A1: 0.087458249 | B1: 0.29264156 | C1: 0.16252934 | D1: 0.32653211 | E1: 0.33446336 | F1: 0.094855648 | G1: 1.5356127 | H1: 1.5692269 | I1: 2.3746377 | J1: 0.13308781 | K1: 0.16327768 | L1: 4.9244006 | M1: 0.10874007 | N1: 0.35154702 | O1: 0.14559496 | P1: 0.041739544
A2: 0.085264762 | B2: 0.28351974 | C2: 0.1574704 | D2: 0.31625892 | E2: 0.32420502 | F2: 0.092868106 | G2: 1.4843405 | H2: 1.5180354 | I2: 2.2960795 | J2: 0.12950203 | K2: 0.15828926 | L2: 4.7527202 | M2: 0.10525273 | N2: 0.3410208 | O2: 0.1410868 | P2: 0.040621998
A3: 0.083126288 | B3: 0.27468226 | C3: 0.15256893 | D3: 0.30630895 | E3: 0.31426132 | F3: 0.090747938 | G3: 1.4347803 | H3: 1.4685138 | I3: 2.2201201 | J3: 0.12577132 | K3: 0.15345323 | L3: 4.5870251 | M3: 0.10187723 | N3: 0.33080977 | O3: 0.13671824 | P3: 0.039534374
A4: 0.081041448 | B4: 0.26612025 | C4: 0.14782002 | D4: 0.29667202 | E4: 0.30462259 | F4: 0.088486698 | G4: 1.3868748 | H4: 1.4206077 | I4: 2.1466736 | J4: 0.1218871 | K4: 0.14876496 | L4: 4.4271066 | M4: 0.098609977 | N4: 0.32090448 | O4: 0.13248494 | P4: 0.03847587
A5: 0.079008896 | B5: 0.25782511 | C5: 0.14321893 | D5: 0.28733827 | E5: 0.2952795 | F5: 0.086234703 | G5: 1.3405688 | H5: 1.3742645 | I5: 2.0756568 | J5: 0.11805835 | K5: 0.14421993 | L5: 4.2727635 | M5: 0.095447511 | N5: 0.31129578 | O5: 0.12838271 | P5: 0.037445707
A6: 0.077027322 | B6: 0.24978855 | C6: 0.13876105 | D6: 0.27829819 | E6: 0.28622297 | F6: 0.083950413 | G6: 1.2958089 | H6: 1.329433 | I6: 2.0069895 | J6: 0.11422795 | K6: 0.13981375 | L6: 4.1238012 | M6: 0.092386466 | N6: 0.30197479 | O6: 0.12440751 | P6: 0.036443126
A7: 0.075095446 | B7: 0.24200249 | C7: 0.13444193 | D7: 0.26954251 | E7: 0.27744422 | F7: 0.081721912 | G7: 1.2525435 | H7: 1.2860641 | I7: 1.9405939 | J7: 0.11051544 | K7: 0.13554219 | L7: 3.9800322 | M7: 0.08942359 | N7: 0.2929329 | O7: 0.1205554 | P7: 0.035467388
A8: 0.073212023 | B8: 0.23445912 | C8: 0.13025725 | D8: 0.26106231 | E8: 0.26893472 | F8: 0.079547923 | G8: 1.2107227 | H8: 1.2441099 | I8: 1.8763947 | J8: 0.10691734 | K8: 0.13140113 | L8: 3.8412755 | M8: 0.086555735 | N8: 0.28416174 | O8: 0.11682256 | P8: 0.034517774
A9: 0.071375836 | B9: 0.22715089 | C9: 0.12620282 | D9: 0.2528489 | E9: 0.26068621 | F9: 0.077435287 | G9: 1.1702982 | H9: 1.2035244 | I9: 1.8143194 | J9: 0.1034411 | K9: 0.12738659 | L9: 3.7073563 | M9: 0.083779854 | N9: 0.27565321 | O9: 0.1132053 | P9: 0.033593586
A10: 0.069585702 | B10: 0.22007045 | C10: 0.1222746 | D10: 0.2448939 | E10: 0.25269069 | F10: 0.075374369 | G10: 1.1312234 | H10: 1.1642629 | I10: 1.7542977 | J10: 0.10007205 | K10: 0.1234947 | L10: 3.5781059 | M10: 0.081092996 | N10: 0.26739945 | O10: 0.10970005 | P10: 0.032694142
A11: 0.067840465 | B11: 0.21321072 | C11: 0.11846864 | D11: 0.23718917 | E11: 0.2449404 | F11: 0.073363983 | G11: 1.0934533 | H11: 1.1262821 | I11: 1.6962616 | J11: 0.096807027 | K11: 0.11972172 | L11: 3.4533617 | M11: 0.078492307 | N11: 0.25939283 | O11: 0.10630333 | P11: 0.031818781
A12: 0.066138999 | B12: 0.20656481 | C12: 0.11478115 | D12: 0.22972685 | E12: 0.23742783 | F12: 0.071402966 | G12: 1.0569443 | H12: 1.0895404 | I12: 1.6401456 | J12: 0.093642958 | K12: 0.11606401 | L12: 3.3329664 | M12: 0.075975023 | N12: 0.25162594 | O12: 0.10301179 | P12: 0.030966856
... A40: 0.032477615 | B40: 0.085110051 | C40: 0.047353396 | D40: 0.093860937 | E40: 0.099248715 | F40: 0.03147818 | G40: 0.40841728 | H40: 0.4304626 | I40: 0.63942517 | J40: 0.034765254 | K40: 0.048684048 | L40: 1.2340116 | M40: 0.030499715 | N40: 0.10741975 | O40: 0.042698083 | P40: 0.014483631

Sheet Sheet4
A1: 1 | B1: =1/A1 -> 1
A2: 1.001985 | B2: =1/A2 -> 0.99801895
A3: 1.0039719 | B3: =1/A3 -> 0.99604378
A4: 1.0059609 | B4: =1/A4 -> 0.99407446
A5: 1.0079517 | B5: =1/A5 -> 0.99211099
A6: 1.0099446 | B6: =1/A6 -> 0.99015332
A7: 1.0119394 | B7: =1/A7 -> 0.98820144
A8: 1.0139362 | B8: =1/A8 -> 0.98625533
A9: 1.015935 | B9: =1/A9 -> 0.98431496
A10: 1.0179357 | B10: =1/A10 -> 0.98238031
A11: 1.0199384 | B11: =1/A11 -> 0.98045136
A12: 1.0219431 | B12: =1/A12 -> 0.97852809
... A40: 1.0788728 | B40: =1/A40 -> 0.92689336

Sheet 新_能源效率
A1: ='1'!A2*Sheet2!A1 -> 0.087458249 | B1: ='1'!B2*Sheet2!B1 -> 0.29264156 | C1: ='1'!C2*Sheet2!C1 -> 0.16252934 | D1: ='1'!D2*Sheet2!D1 -> 0.32653211 | E1: ='1'!E2*Sheet2!E1 -> 0.33446336 | F1: ='1'!F2*Sheet2!F1 -> 0.094884113 | G1: ='1'!G2*Sheet2!G1 -> 1.5356127 | H1: ='1'!H2*Sheet2!H1 -> 1.5692269 | ... P1: ='1'!P2*Sheet2!P1 -> 0.041739544
A2: ='1'!A3*Sheet2!A2 -> 0.08579668 | B2: ='1'!B3*Sheet2!B2 -> 0.28533722 | C2: ='1'!C3*Sheet2!C2 -> 0.15813609 | D2: ='1'!D3*Sheet2!D2 -> 0.31851999 | E2: ='1'!E3*Sheet2!E2 -> 0.32485073 | F2: ='1'!F3*Sheet2!F2 -> 0.092962674 | G2: ='1'!G3*Sheet2!G2 -> 1.493407 | H2: ='1'!H3*Sheet2!H2 -> 1.5236933 | ... P2: ='1'!P3*Sheet2!P2 -> 0.040884422
A3: ='1'!A4*Sheet2!A3 -> 0.083839712 | B3: ='1'!B4*Sheet2!B3 -> 0.27780497 | C3: ='1'!C4*Sheet2!C3 -> 0.15375399 | D3: ='1'!D4*Sheet2!D3 -> 0.31027536 | E3: ='1'!E4*Sheet2!E3 -> 0.31652816 | F3: ='1'!F4*Sheet2!F3 -> 0.091272913 | G3: ='1'!G4*Sheet2!G3 -> 1.4468739 | H3: ='1'!H4*Sheet2!H3 -> 1.481536 | ... P3: ='1'!P4*Sheet2!P3 -> 0.039952865
A4: ='1'!A5*Sheet2!A4 -> 0.082423103 | B4: ='1'!B5*Sheet2!B4 -> 0.27059797 | C4: ='1'!C5*Sheet2!C4 -> 0.1495666 | D4: ='1'!D5*Sheet2!D4 -> 0.30193268 | E4: ='1'!E5*Sheet2!E4 -> 0.30813401 | F4: ='1'!F5*Sheet2!F4 -> 0.089509266 | G4: ='1'!G5*Sheet2!G4 -> 1.4091183 | H4: ='1'!H5*Sheet2!H4 -> 1.4366757 | ... P4: ='1'!P5*Sheet2!P4 -> 0.039053
A5: ='1'!A6*Sheet2!A5 -> 0.080828459 | B5: ='1'!B6*Sheet2!B5 -> 0.26322825 | C5: ='1'!C6*Sheet2!C5 -> 0.14560391 | D5: ='1'!D6*Sheet2!D5 -> 0.29447694 | E5: ='1'!E6*Sheet2!E5 -> 0.29972857 | F5: ='1'!F6*Sheet2!F5 -> 0.087621319 | G5: ='1'!G6*Sheet2!G5 -> 1.3682811 | H5: ='1'!H6*Sheet2!H5 -> 1.3959498 | ... P5: ='1'!P6*Sheet2!P5 -> 0.038151797
A6: ='1'!A7*Sheet2!A6 -> 0.078871629 | B6: ='1'!B7*Sheet2!B6 -> 0.2561715 | C6: ='1'!C7*Sheet2!C6 -> 0.14106142 | D6: ='1'!D7*Sheet2!D6 -> 0.28566553 | E6: ='1'!E7*Sheet2!E6 -> 0.29203583 | F6: ='1'!F7*Sheet2!F6 -> 0.085725434 | G6: ='1'!G7*Sheet2!G6 -> 1.3260029 | H6: ='1'!H7*Sheet2!H6 -> 1.3524036 | ... P6: ='1'!P7*Sheet2!P6 -> 0.037204718
A7: ='1'!A8*Sheet2!A7 -> 0.077515627 | B7: ='1'!B8*Sheet2!B7 -> 0.24914444 | C7: ='1'!C8*Sheet2!C7 -> 0.13708305 | D7: ='1'!D8*Sheet2!D7 -> 0.27844034 | E7: ='1'!E8*Sheet2!E7 -> 0.28434323 | F7: ='1'!F8*Sheet2!F7 -> 0.083989996 | G7: ='1'!G8*Sheet2!G7 -> 1.2853712 | H7: ='1'!H8*Sheet2!H7 -> 1.3095131 | ... P7: ='1'!P8*Sheet2!P7 -> 0.036330601
A8: ='1'!A9*Sheet2!A8 -> 0.075841034 | B8: ='1'!B9*Sheet2!B8 -> 0.24155348 | C8: ='1'!C9*Sheet2!C8 -> 0.1329211 | D8: ='1'!D9*Sheet2!D8 -> 0.27063631 | E8: ='1'!E9*Sheet2!E8 -> 0.27627847 | F8: ='1'!F9*Sheet2!F8 -> 0.082218397 | G8: ='1'!G9*Sheet2!G8 -> 1.2445434 | H8: ='1'!H9*Sheet2!H8 -> 1.2684559 | ... P8: ='1'!P9*Sheet2!P8 -> 0.035365827
A9: ='1'!A10*Sheet2!A9 -> 0.074293465 | B9: ='1'!B10*Sheet2!B9 -> 0.23554609 | C9: ='1'!C10*Sheet2!C9 -> 0.12937705 | D9: ='1'!D10*Sheet2!D9 -> 0.26346123 | E9: ='1'!E10*Sheet2!E9 -> 0.26793766 | F9: ='1'!F10*Sheet2!F9 -> 0.080552377 | G9: ='1'!G10*Sheet2!G9 -> 1.2070487 | H9: ='1'!H10*Sheet2!H9 -> 1.2298799 | ... P9: ='1'!P10*Sheet2!P9 -> 0.034610022
A10: ='1'!A11*Sheet2!A10 -> 0.072767609 | B10: ='1'!B11*Sheet2!B10 -> 0.22886072 | C10: ='1'!C11*Sheet2!C10 -> 0.12569781 | D10: ='1'!D11*Sheet2!D10 -> 0.25612449 | E10: ='1'!E11*Sheet2!E10 -> 0.26082225 | F10: ='1'!F11*Sheet2!F10 -> 0.078863401 | G10: ='1'!G11*Sheet2!G10 -> 1.1722905 | H10: ='1'!H11*Sheet2!H10 -> 1.1934422 | ... P10: ='1'!P11*Sheet2!P10 -> 0.03383028
A11: ='1'!A12*Sheet2!A11 -> 0.071568335 | B11: ='1'!B12*Sheet2!B11 -> 0.22337548 | C11: ='1'!C12*Sheet2!C11 -> 0.12243783 | D11: ='1'!D12*Sheet2!D11 -> 0.24963098 | E11: ='1'!E12*Sheet2!E11 -> 0.25503684 | F11: ='1'!F12*Sheet2!F11 -> 0.077576732 | G11: ='1'!G12*Sheet2!G11 -> 1.1418257 | H11: ='1'!H12*Sheet2!H11 -> 1.1623037 | ... P11: ='1'!P12*Sheet2!P11 -> 0.033100215
A12: ='1'!A13*Sheet2!A12 -> 0.070218986 | B12: ='1'!B13*Sheet2!B12 -> 0.21772973 | C12: ='1'!C13*Sheet2!C12 -> 0.11932161 | D12: ='1'!D13*Sheet2!D12 -> 0.24350998 | E12: ='1'!E13*Sheet2!E12 -> 0.24828868 | F12: ='1'!F13*Sheet2!F12 -> 0.076209765 | G12: ='1'!G13*Sheet2!G12 -> 1.1087691 | H12: ='1'!H13*Sheet2!H12 -> 1.1304914 | ... P12: ='1'!P13*Sheet2!P12 -> 0.032482753
... A40: ='1'!A41*Sheet2!A40 -> 0.044840005 | B40: ='1'!B41*Sheet2!B40 -> 0.11928529 | C40: ='1'!C41*Sheet2!C40 -> 0.063289757 | D40: ='1'!D41*Sheet2!D40 -> 0.13330626 | E40: ='1'!E41*Sheet2!E40 -> 0.1359199 | F40: ='1'!F41*Sheet2!F40 -> 0.04873025 | G40: ='1'!G41*Sheet2!G40 -> 0.57033553 | H40: ='1'!H41*Sheet2!H40 -> 0.58265106 | ... P40: ='1'!P41*Sheet2!P40 -> 0.019472481
A42: 0.7243 | B42: 0.7135 | C42: 0.7482 | D42: 0.7041 | E42: 0.7302 | F42: 0.7457 | G42: 0.7161 | H42: 0.7388 | I42: 0.7271 | J42: 0.7429 | K42: 0.7325 | L42: 0.7068 | M42: 0.7207 | N42: 0.75 | O42: 0.7154 | P42: 0.7438
A43: =A40*A42 -> 0.032477615 | B43: =B40*B42 -> 0.085110051 | C43: =C40*C42 -> 0.047353396 | D43: =D40*D42 -> 0.093860937 | E43: =E40*E42 -> 0.099248715 | F43: =F40*F42 -> 0.036338148 | G43: =G40*G42 -> 0.40841728 | H43: =H40*H42 -> 0.4304626 | ... P43: =P40*P42 -> 0.014483631

Sheet 1
A1: 农林牧渔 | B1: 采矿 | C1: 食品、饮料、烟草 | D1: 纺织与皮革 | E1: 木材加工制品 | F1: 文教、工美、体育制品 | G1: 石油、化工、医药、塑料与橡胶制品 | H1: 非金属矿物制品 | I1: 金属制品 | J1: 设备、仪器、仪表 | K1: 其他制造业 | L1: 电力、热力、燃气、水的供应 | M1: 建筑 | N1: 交通运输、仓储与邮政 | O1: 批发、零售、住宿、餐饮 | P1: 其他服务业
A2: 0.087086271 | B2: 0.29160205 | C2: 0.16197273 | D2: 0.32545483 | E2: 0.33222658 | F2: 0.094377947 | G2: 1.5284919 | H2: 1.5608983 | I2: 2.3638281 | J2: 0.13239077 | K2: 0.16233372 | L2: 4.8930498 | M2: 0.10807291 | N2: 0.34936482 | O2: 0.14514732 | P2: 0.041557008
A3: 0.085297726 | B3: 0.28368175 | C3: 0.15736622 | D3: 0.31658418 | E3: 0.32327756 | F3: 0.092453456 | G3: 1.48327 | H3: 1.5156521 | I3: 2.2925472 | J3: 0.12879414 | K3: 0.15789637 | L3: 4.7395221 | M3: 0.10499346 | N3: 0.33996362 | O3: 0.14117582 | P3: 0.040583176
A4: 0.08353498 | B4: 0.27586686 | C4: 0.15290276 | D4: 0.30836892 | E4: 0.31459969 | F4: 0.090593754 | G4: 1.4395973 | H4: 1.4701871 | I4: 2.2239138 | J4: 0.12532157 | K4: 0.1536579 | L4: 4.5925391 | M4: 0.10199819 | N4: 0.33052392 | O4: 0.13735607 | P4: 0.039680062
A5: 0.081928543 | B5: 0.26859559 | C5: 0.14871007 | D5: 0.30051471 | E5: 0.30661232 | F5: 0.088846287 | G5: 1.398454 | H5: 1.4285723 | I5: 2.1621317 | J5: 0.12212103 | K5: 0.14972823 | L5: 4.4566378 | M5: 0.099283083 | N5: 0.32220518 | O5: 0.13389556 | P5: 0.038832346
A6: 0.080326315 | B6: 0.26155064 | C6: 0.14459806 | D6: 0.29248448 | E6: 0.29838158 | F6: 0.087097649 | G6: 1.3575016 | H6: 1.3866466 | I6: 2.0989713 | J6: 0.11888183 | K6: 0.14565466 | L6: 4.320206 | M6: 0.096538314 | N6: 0.31363482 | O6: 0.13022529 | P6: 0.037945802
A7: 0.078520957 | B7: 0.25420317 | C7: 0.14024641 | D7: 0.28398818 | E7: 0.28981372 | F7: 0.08521189 | G7: 1.314684 | H7: 1.3428777 | I7: 2.0331477 | J7: 0.11541921 | K7: 0.14138664 | L7: 4.175138 | M7: 0.093655545 | N7: 0.30455667 | O7: 0.12653135 | P7: 0.036979779
A8: 0.076930446 | B8: 0.24747015 | C8: 0.13636076 | D8: 0.27637007 | E8: 0.28205741 | F8: 0.083479154 | G8: 1.2752393 | H8: 1.3026089 | I8: 1.9714858 | J8: 0.11228302 | K8: 0.13748357 | L8: 4.0446676 | M8: 0.090986142 | N8: 0.29589342 | O8: 0.12317617 | P8: 0.036118818
A9: 0.075229283 | B9: 0.24014181 | C9: 0.13204903 | D9: 0.2682249 | E9: 0.27354999 | F9: 0.08159912 | G9: 1.2334969 | H9: 1.2592555 | I9: 1.9055929 | J9: 0.10889061 | K9: 0.1334927 | L9: 3.906437 | M9: 0.088136184 | N9: 0.28683286 | O9: 0.11945798 | P9: 0.035163331
A10: 0.073660873 | B10: 0.23337424 | C10: 0.12821239 | D10: 0.26078564 | E10: 0.26582173 | F10: 0.079875917 | G10: 1.1955768 | H10: 1.2207132 | I10: 1.8462943 | J10: 0.10591087 | K10: 0.12983598 | L10: 3.7808508 | M10: 0.085511823 | N10: 0.27882758 | O10: 0.11612232 | P10: 0.034322034
A11: 0.072165146 | B11: 0.22694032 | C11: 0.12465732 | D11: 0.25377135 | E11: 0.25886619 | F11: 0.078246377 | G11: 1.1609669 | H11: 1.1843966 | I11: 1.8462943 | J11: 0.10307034 | K11: 0.12634553 | L11: 3.6655571 | M11: 0.083157506 | N11: 0.27147785 | O11: 0.11304696 | P11: 0.033545337
A12: 0.070890228 | B12: 0.22152458 | C12: 0.12147138 | D12: 0.2478112 | E12: 0.25277905 | F12: 0.076894333 | G12: 1.1310129 | H12: 1.152543 | I12: 1.7458044 | J12: 0.10064278 | K12: 0.12345275 | L12: 3.5664719 | M12: 0.081103493 | N12: 0.26532113 | O12: 0.11041754 | P12: 0.032845347
A13: 0.069469296 | B13: 0.21565003 | C13: 0.11821997 | D13: 0.24148873 | E13: 0.24624489 | F13: 0.07541705 | G13: 1.0983188 | H13: 1.1197537 | I13: 1.6965658 | J13: 0.098037598 | K13: 0.12024244 | L13: 3.4607305 | M13: 0.078935124 | N13: 0.2583215 | O13: 0.10757531 | P13: 0.03214726
... A41: 0.043946947 | B41: 0.11694805 | C41: 0.062077475 | D41: 0.13085996 | E41: 0.13326599 | F41: 0.047733782 | G41: 0.55972019 | H41: 0.57171576 | I41: 0.86251105 | J41: 0.052964897 | K41: 0.065152668 | L41: 1.710567 | M41: 0.041474264 | N41: 0.14033089 | O41: 0.058503297 | P41: 0.019087424

Sheet Sheet1
A1: 单位：万吨/亿元 | B1: 农林牧渔 | C1: 采矿 | D1: 食品、饮料、烟草 | E1: 纺织与皮革 | F1: 木材加工制品 | G1: 文教、工美、体育制品 | H1: 石油、化工、医药、塑料与橡胶制品 | I1: 非金属矿物制品 | J1: 金属制品 | K1: 设备、仪器、仪表 | L1: 其他制造业 | M1: 电力、热力、燃气、水的供应 | N1: 建筑 | O1: 交通运输、仓储与邮政 | P1: 批发、零售、住宿、餐饮 | Q1: 其他服务业
A2: 2021 | B2: 0.087086271 | C2: 0.29160205 | D2: 0.16197273 | E2: 0.32545483 | F2: 0.33222658 | G2: 0.094377947 | H2: 1.5284919 | I2: 1.5608983 | J2: 2.3638281 | K2: 0.13239077 | L2: 0.16233372 | M2: 4.8930498 | N2: 0.10807291 | O2: 0.34936482 | P2: 0.14514732 | Q2: 0.041557008
A3: 2022 | B3: 0.085297726 | C3: 0.28368175 | D3: 0.15736622 | E3: 0.31658418 | F3: 0.32327756 | G3: 0.092453456 | H3: 1.48327 | I3: 1.5156521 | J3: 2.2925472 | K3: 0.12879414 | L3: 0.15789637 | M3: 4.7395221 | N3: 0.10499346 | O3: 0.33996362 | P3: 0.14117582 | Q3: 0.040583176
A4: 2023 | B4: 0.08353498 | C4: 0.27586686 | D4: 0.15290276 | E4: 0.30836892 | F4: 0.31459969 | G4: 0.090593754 | H4: 1.4395973 | I4: 1.4701871 | J4: 2.2239138 | K4: 0.12532157 | L4: 0.1536579 | M4: 4.5925391 | N4: 0.10199819 | O4: 0.33052392 | P4: 0.13735607 | Q4: 0.039680062
A5: 2024 | B5: 0.081928543 | C5: 0.26859559 | D5: 0.14871007 | E5: 0.30051471 | F5: 0.30661232 | G5: 0.088846287 | H5: 1.398454 | I5: 1.4285723 | J5: 2.1621317 | K5: 0.12212103 | L5: 0.14972823 | M5: 4.4566378 | N5: 0.099283083 | O5: 0.32220518 | P5: 0.13389556 | Q5: 0.038832346
A6: 2025 | B6: 0.080326315 | C6: 0.26155064 | D6: 0.14459806 | E6: 0.29248448 | F6: 0.29838158 | G6: 0.087097649 | H6: 1.3575016 | I6: 1.3866466 | J6: 2.0989713 | K6: 0.11888183 | L6: 0.14565466 | M6: 4.320206 | N6: 0.096538314 | O6: 0.31363482 | P6: 0.13022529 | Q6: 0.037945802
A7: 2026 | B7: 0.078520957 | C7: 0.25420317 | D7: 0.14024641 | E7: 0.28398818 | F7: 0.28981372 | G7: 0.08521189 | H7: 1.314684 | I7: 1.3428777 | J7: 2.0331477 | K7: 0.11541921 | L7: 0.14138664 | M7: 4.175138 | N7: 0.093655545 | O7: 0.30455667 | P7: 0.12653135 | Q7: 0.036979779
A8: 2027 | B8: 0.076930446 | C8: 0.24747015 | D8: 0.13636076 | E8: 0.27637007 | F8: 0.28205741 | G8: 0.083479154 | H8: 1.2752393 | I8: 1.3026089 | J8: 1.9714858 | K8: 0.11228302 | L8: 0.13748357 | M8: 4.0446676 | N8: 0.090986142 | O8: 0.29589342 | P8: 0.12317617 | Q8: 0.036118818
A9: 2028 | B9: 0.075229283 | C9: 0.24014181 | D9: 0.13204903 | E9: 0.2682249 | F9: 0.27354999 | G9: 0.08159912 | H9: 1.2334969 | I9: 1.2592555 | J9: 1.9055929 | K9: 0.10889061 | L9: 0.1334927 | M9: 3.906437 | N9: 0.088136184 | O9: 0.28683286 | P9: 0.11945798 | Q9: 0.035163331
A10: 2029 | B10: 0.073660873 | C10: 0.23337424 | D10: 0.12821239 | E10: 0.26078564 | F10: 0.26582173 | G10: 0.079875917 | H10: 1.1955768 | I10: 1.2207132 | J10: 1.8462943 | K10: 0.10591087 | L10: 0.12983598 | M10: 3.7808508 | N10: 0.085511823 | O10: 0.27882758 | P10: 0.11612232 | Q10: 0.034322034
A11: 2030 | B11: 0.072165146 | C11: 0.22694032 | D11: 0.12465732 | E11: 0.25377135 | F11: 0.25886619 | G11: 0.078246377 | H11: 1.1609669 | I11: 1.1843966 | J11: 1.8462943 | K11: 0.10307034 | L11: 0.12634553 | M11: 3.6655571 | N11: 0.083157506 | O11: 0.27147785 | P11: 0.11304696 | Q11: 0.033545337
A12: 2031 | B12: 0.070890228 | C12: 0.22152458 | D12: 0.12147138 | E12: 0.2478112 | F12: 0.25277905 | G12: 0.076894333 | H12: 1.1310129 | I12: 1.152543 | J12: 1.7458044 | K12: 0.10064278 | L12: 0.12345275 | M12: 3.5664719 | N12: 0.081103493 | O12: 0.26532113 | P12: 0.11041754 | Q12: 0.032845347
A13: 2032 | B13: 0.069469296 | C13: 0.21565003 | D13: 0.11821997 | E13: 0.24148873 | F13: 0.24624489 | G13: 0.07541705 | H13: 1.0983188 | I13: 1.1197537 | J13: 1.6965658 | K13: 0.098037598 | L13: 0.12024244 | M13: 3.4607305 | N13: 0.078935124 | O13: 0.2583215 | P13: 0.10757531 | Q13: 0.03214726
... A41: 2060 | B41: 0.043946947 | C41: 0.11694805 | D41: 0.062077475 | E41: 0.13085996 | F41: 0.13326599 | G41: 0.047733782 | H41: 0.55972019 | I41: 0.57171576 | J41: 0.86251105 | K41: 0.052964897 | L41: 0.065152668 | M41: 1.710567 | N41: 0.041474264 | O41: 0.14033089 | P41: 0.058503297 | Q41: 0.019087424

Sheet Sheet2
A1: 1.0042714 | B1: 1.0035648 | C1: 1.0034364 | D1: 1.0033101 | E1: 1.0067327 | F1: 1.0053632 | G1: 1.0046587 | H1: 1.0053358 | I1: 1.0045729 | J1: 1.0055667 | K1: 1.0058149 | L1: 1.0064072 | M1: 1.0061732 | N1: 1.0062462 | O1: 1.0030841 | P1: 1.0043924
A2: 1.0058496 | B2: 1.0058357 | C2: 1.0048922 | D2: 1.0061147 | E2: 1.0048663 | F2: 1.0055078 | G2: 1.0068342 | H2: 1.0053054 | I2: 1.0058745 | J2: 1.0053793 | K2: 1.0030929 | L2: 1.0053669 | M2: 1.004459 | N2: 1.0047358 | O2: 1.0051734 | P2: 1.0074229
A3: 1.003648 | B3: 1.0070255 | C3: 1.0055671 | D3: 1.0061823 | E3: 1.0061299 | F3: 1.0074968 | G3: 1.0050546 | H3: 1.0077193 | I3: 1.0072119 | J3: 1.0072191 | K3: 1.0058811 | L3: 1.0054116 | M3: 1.0070152 | N3: 1.00613 | O3: 1.0066811 | P3: 1.0068751
A4: 1.0060365 | B4: 1.007455 | C4: 1.0057597 | D4: 1.0047185 | E4: 1.0049629 | F4: 1.0074621 | G4: 1.0076258 | H4: 1.0056724 | I4: 1.0055829 | J4: 1.0061419 | K4: 1.0065734 | L4: 1.0059383 | M4: 1.0056622 | N4: 1.006485 | O4: 1.0061788 | P4: 1.0056822
A5: 1.0062513 | B5: 1.0064141 | C5: 1.0069561 | D5: 1.0068122 | E5: 1.0045143 | F5: 1.0060124 | G5: 1.0079406 | H5: 1.0067091 | I5: 1.0073387 | J5: 1.0062966 | K5: 1.0051864 | L5: 1.0052653 | M5: 1.0042817 | N5: 1.0053444 | O5: 1.0082896 | P5: 1.0054287
A6: 1.004466 | B6: 1.0077431 | C6: 1.0058113 | D6: 1.0059064 | E6: 1.0076674 | F6: 1.0060267 | G6: 1.0086096 | H6: 1.0070936 | I6: 1.0076098 | J6: 1.0066076 | K6: 1.0077678 | L6: 1.007188 | M6: 1.0087572 | N6: 1.0067024 | O6: 1.0058692 | P6: 1.0060828
A7: 1.0076066 | B7: 1.0067657 | C7: 1.0052969 | D7: 1.0074909 | E7: 1.0081041 | F7: 1.0061194 | G7: 1.0079451 | H7: 1.0053003 | I7: 1.0088794 | J7: 1.007343 | K7: 1.0064121 | L7: 1.0067068 | M7: 1.0060806 | N7: 1.0066229 | O7: 1.0069259 | P7: 1.0058635
A8: 1.0081318 | B8: 1.0058785 | C8: 1.0066041 | D8: 1.0089903 | E8: 1.0099743 | F8: 1.0075893 | G8: 1.0089555 | H8: 1.0073062 | I8: 1.0076344 | J8: 1.00589 | K8: 1.0080882 | L8: 1.0073855 | M8: 1.0083913 | N8: 1.0087252 | O8: 1.0073084 | P8: 1.0057587
A9: 1.0085879 | B9: 1.0093063 | C9: 1.0090838 | D9: 1.0102597 | E9: 1.00796 | F9: 1.0084689 | G9: 1.0095954 | H9: 1.0075093 | I9: 1.0066767 | J9: 1.006554 | K9: 1.0078146 | L9: 1.0065807 | M9: 1.0078873 | N9: 1.0066057 | O9: 1.0085519 | P9: 1.0083907
A10: 1.0083484 | B10: 1.0084621 | C10: 1.0083468 | D10: 1.0092727 | E10: 1.0075563 | F10: 1.0078857 | G10: 1.0097535 | H10: 1.0076373 | I10: 1.0086985 | J10: 1.0083059 | K10: 1.0098169 | L10: 1.0079172 | M10: 1.0097418 | N10: 1.0075564 | O10: 1.0075049 | P10: 1.0084943
A11: 1.0095656 | B11: 1.0083553 | C11: 1.0079562 | D11: 1.0073434 | E11: 1.0089319 | F11: 1.0088745 | G11: 1.0095602 | H11: 1.0084688 | I11: 1.0113754 | J11: 1.0097503 | K11: 1.0073919 | L11: 1.0077153 | M11: 1.0088538 | N11: 1.0075602 | O11: 1.0089739 | P11: 1.0077596
A12: 1.0107917 | B12: 1.0096439 | C12: 1.0093186 | D12: 1.00837 | E12: 1.0082998 | F12: 1.0105111 | G12: 1.0095148 | H12: 1.0095893 | I12: 1.008942 | J12: 1.0092564 | K12: 1.0091702 | L12: 1.0066434 | M12: 1.0084981 | N12: 1.0114302 | O12: 1.0097851 | P12: 1.0104361
... A40: 1.0203213 | B40: 1.0199852 | C40: 1.0195285 | D40: 1.018694 | E40: 1.0199144 | F40: 1.0208755 | G40: 1.0189654 | H40: 1.0191272 | I40: 1.0196026 | J40: 1.0199528 | K40: 1.0201096 | L40: 1.0206636 | M40: 1.0203815 | N40: 1.020633 | O40: 1.0201854 | P40: 1.0201733
